Date,Open,High,Low,Close,Volume,Price_Change,Volume_Change,SMA_7,SMA_30,Volatility,RSI,Pump_Flag
2023-01-01,300.99342830602245,300.4283789512886,299.1210038135351,300.3915975981937,10409.146792737825,0.0,0.0,0.0,0.0,0.0,0.0,0
2023-01-02,300.7168997036801,302.88163603951676,300.61295713637713,301.05303842639574,9505.551734044288,0.22019285275974831,-8.680779286578524,0.0,0.0,0.0,0.0,0
2023-01-03,302.01227677988146,302.26666754683447,300.9296841092793,302.03116538105417,14595.382414938842,0.32490187103611073,53.54587322548825,0.0,0.0,0.0,0.0,0
2023-01-04,305.05833649269755,306.35788359154935,303.6402154537957,305.2048506405208,8548.627279056744,1.0507807217386351,-41.42923401371827,0.0,0.0,0.0,0.0,0
2023-01-05,304.59002974325085,303.9786255088421,302.8480914957587,303.43051506746764,11336.961570359515,-0.581358903480549,32.617333757595254,0.0,0.0,0.0,0.0,0
2023-01-06,304.1217558293525,305.2668770957725,302.6935819650876,304.1585210907409,11608.489030980068,0.23992511864253632,2.3950637826140433,0.0,0.0,0.0,0.0,0
2023-01-07,307.28018146036726,309.33001967393915,305.67672529422765,308.02717889723544,6659.547731784756,1.2719215600539995,-42.63208834489882,303.4709810145155,0.0,0.0,0.0,0
2023-01-08,308.8150509186731,312.65124993778005,308.13615053358745,310.99176633036564,14960.211747682613,0.962443458315489,124.64305911166255,304.98529083339724,0.0,0.0,0.0,0
2023-01-09,307.8761021468032,309.7278509294522,306.2464519193102,309.315008385931,9125.201216522957,-0.5391647387389158,-39.00352902467119,306.1655722561879,0.0,0.0,0.0,0
2023-01-10,308.96122223397515,312.21298757755943,308.8009925412058,312.1909959202425,6221.274202535777,0.9297924304801707,-31.8231559511154,307.61697661892913,0.0,4.211377132616606,0.0,0
2023-01-11,308.0343868483502,307.1571367641557,306.24475353622915,306.8833655040181,12682.549217852018,-1.7001228368483543,103.85774368669752,307.85676445657157,0.0,3.7843951785741257,0.0,0
2023-01-12,307.1029273412097,310.2114455799869,306.0077425889022,308.4114082962907,5507.660091044813,0.4979229779245121,-56.57292554960319,308.5683206321178,0.0,3.3331034020839176,0.0,0
2023-01-13,307.58685188434174,309.6096450480743,305.95225634441675,307.86186489294926,10140.905786845642,-0.17818517362155592,84.1236681133293,309.0973697467189,0.0,2.8262282303356696,0.0,0
2023-01-14,303.7602913950262,308.23982199919334,302.8556548259896,307.0449957948527,9954.405016778983,-0.2653362404533621,-1.8390938047031284,308.95705787494995,0.0,2.7069002623172977,62.365223653120886,0
2023-01-15,300.3104557300001,300.2990420228347,299.0233003396071,299.0980083019674,15429.477829157891,-2.5882159298225265,55.00150740451303,307.25794958517884,0.0,3.666279767981705,48.14409633894727,0
2023-01-16,299.18588067151813,299.2563712573395,298.13307534964594,297.92629790824697,12373.491164399764,-0.39174797598033295,-19.806157399462148,305.6309909455096,0.0,4.670393786212987,45.578820065095954,0
2023-01-17,297.1602184308493,296.61187201993016,295.69703938733863,296.26112946268324,9874.86520627428,-0.558919590937403,-20.19337893346038,303.3552957372869,0.0,5.690585087305685,41.99672550244422,0
2023-01-18,297.7887130960398,296.43169340142504,297.62545313197865,294.6028695095751,14088.831496001436,-0.5597291673449235,42.67365884700573,301.60093916665215,0.0,6.2928643907536035,34.64929048407352,0
2023-01-19,295.9726649449974,296.0215734622604,295.8519607770163,295.18403241247626,16951.037745086567,0.1972699396542255,20.315426796732268,299.711314040393,0.0,6.538457693931384,37.63251637718736,0
2023-01-20,293.14805754232685,292.7756356064953,292.65385107430654,292.0093585499963,12789.05153175931,-1.0754896992679501,-24.552987704446892,297.44667027711404,0.0,6.342519055077808,33.025276451888374,0
2023-01-21,296.07935508016993,297.3427811704499,295.76026571994356,296.3049457598842,10051.763099216903,1.4710443635156456,-21.40337323487081,295.91237741497565,0.0,6.039758992985204,33.814868679460815,0
2023-01-22,295.6278024791969,296.2343683764127,293.8842353460125,296.1404364428626,3440.8188382492026,-0.055520273750315444,-65.76900187274346,295.4898671493892,0.0,5.21109699107308,27.77604758684258,0
2023-01-23,295.76285888857274,298.9096818849087,295.32443091385665,298.57711514739657,4674.431684623137,0.8228118840515365,35.85230447650174,295.58284104069634,0.0,3.9913171672220455,34.288835540711844,0
2023-01-24,292.9133625161458,295.8150655062776,290.9616320045075,294.33899827342486,8473.876478226663,-1.4194379471713707,81.28142734660257,295.3082508708022,0.0,2.1450973869508236,24.881064648268406,0
2023-01-25,291.82459706709545,291.1248389194521,291.15080548355326,290.95924158360185,6952.438989203584,-1.1482531059929075,-17.954444968986273,294.7877325956632,0.0,2.387979845495848,26.308370120091567,0
2023-01-26,292.0464422465152,291.9051244584254,291.6822064151378,290.69882023949265,9065.14348507277,-0.0895044071093294,30.387961680066454,294.14698799952276,0.0,2.568318739726144,22.61457690741406,0
2023-01-27,289.7444550916706,290.973032068293,288.16505807738565,290.48233384893035,10283.249624485536,-0.07447102481666162,13.437251615692306,293.9288416136561,0.0,2.7720008702107313,22.849903157609475,0
2023-01-28,290.4958511283619,289.29409254591485,289.1784355773601,288.5155013178309,12648.463771783654,-0.6770919611663276,23.000648955037388,292.81606383622,0.0,3.2371470068904196,22.05739881363307,0
2023-01-29,289.29457374852433,292.61914937084725,288.2981823156181,292.04176189730583,9647.506109704544,1.222208360856967,-23.72586676315335,292.23053890114045,0.0,3.1883599597051733,37.72212827113039,0
2023-01-30,288.71118624893774,291.19169186294954,287.60045914706245,290.48034643001967,12432.50821913101,-0.5346548579703565,28.86758585853601,291.07385765580085,299.6872489770651,3.276943026288234,37.21739563339689,0
2023-01-31,287.507773024479,288.24210135669045,286.06936946793445,286.80400954632194,10322.372074050601,-1.2656060655667818,-16.972730746587033,289.99743069478615,299.234329375336,3.532560151730474,34.81344995714467,0
2023-02-01,291.2123293934968,289.23687103110683,290.75541991083423,288.6426275998605,122.66716823064417,0.6410712515654641,-98.81163779651949,289.66648583996596,298.82064901445153,3.322919084905562,40.48397170603397,0
2023-02-02,291.18533494402095,294.3489527858629,289.19266711190744,293.2161435052691,5303.323030906228,1.5844908090806278,4223.343489053802,290.02610344936255,298.52681495192536,2.2522267329183543,47.21334898510177,0
2023-02-03,289.0699130861092,289.85020412262844,287.1203267618156,288.89810331823026,9279.562221391923,-1.4726474932173157,74.97637174491024,289.79978480211975,297.983256707849,1.879845595869068,45.73246178811307,0
2023-02-04,290.71500291031555,293.899069709001,289.41435153762166,292.57172737827574,3951.5262857944626,1.2715985386719109,-57.41688894886532,290.3792456678976,297.6212971182093,2.027579611579988,44.79046258167667,0
2023-02-05,288.2733156103735,287.7553336008315,287.8742307085152,285.88167412218195,12999.643649981022,-2.286636961145599,228.97778503243381,289.49923312859414,297.012068885924,2.436228046198478,37.889880639504135,0
2023-02-06,288.691042800383,289.25712446037284,287.3305863155204,287.79198026595236,17653.754161718487,0.6682156698697566,35.80183147362089,289.11518081944166,296.3375622648812,2.4946389098213695,37.108306862046426,0
2023-02-07,284.7717025526235,285.2094488593823,284.62730573466513,284.77956810220076,16093.809258486584,-1.0467324909359168,-8.83633525731646,288.82597489885296,295.4638223239424,2.9022955537367587,38.22848559518803,0
2023-02-08,282.1153304548266,282.24816761559634,282.054025450415,282.18580134547375,8932.78564534896,-0.9107980512830065,-44.495516866906286,287.90357114822626,294.55951542259385,3.4231375180979735,38.983097507629076,0
2023-02-09,282.50905292656483,282.3584828079456,281.9936871495424,281.83395471934597,17453.630684249758,-0.12468615516803515,95.38844182763248,286.2775441788087,293.5476140492306,3.8299673037259128,38.893794475929,0
2023-02-10,283.98598608655567,286.11041684647745,283.060740173077,284.92026098507694,10743.337286010557,1.095079643190741,-38.44640418737978,285.7092809883582,292.8155105652659,3.900591869942926,43.499112504340374,0
2023-02-11,284.32872264893564,282.83014363183025,282.59217763811887,282.72729200486174,8314.570144409803,-0.7696781452583528,-22.60719436560346,284.3029330778705,291.9593733555516,4.080362563400896,43.270380332887434,0
2023-02-12,284.0974260841591,284.8765893510296,282.6430879446265,283.8838568566272,6932.986682295301,0.4090743569763155,-16.616414776936995,284.0175306113627,291.16010642100747,3.3749328063471125,39.962163979911544,0
2023-02-13,283.49521869298053,284.8693478383821,282.0098056505806,283.67566214054835,8487.651567559358,-0.07333799053743607,22.424172387842454,283.4294851648764,290.3811286325307,3.198273363586,41.338796171154584,0
2023-02-14,280.5381747122457,281.97832074496773,279.6871880433495,281.3098329633338,8059.115907293856,-0.833990889229824,-5.048930871566495,282.93380871646684,289.78818945457624,2.006404261129,42.765498575538885,0
2023-02-15,279.09848629545627,281.7077330200812,278.4066163103623,280.1659086125896,10852.081111877438,-0.40664214922530434,34.65597513066942,282.6452526117691,289.1961764780543,2.1850188521099168,38.63020278417488,0
2023-02-16,278.1772087535367,276.7034421220475,277.4351312275675,276.49024561577994,10802.869905249323,-1.311959408270589,-0.45347252864019105,281.8818655969739,288.5371470164909,2.516839192338943,27.01191928855033,0
2023-02-17,280.29145320597456,278.14055751334274,278.31615407850245,277.99028194987113,10015.230100767072,0.5425277592525605,-7.291023694541776,280.8918685919445,287.9833940978341,2.6547845702340185,33.74950099419978,0
2023-02-18,280.97868978511144,284.3515825303664,280.8984714022865,282.8952050179592,12184.690848731749,1.764422494802373,21.661616619257867,280.9158561652442,287.57376651801684,2.683921266118446,36.0940718197675,0
2023-02-19,277.452609474386,278.9420631247678,275.7185464821411,277.9510804923554,15953.231373931707,-1.747687637650107,30.928487000490527,280.06831668463394,287.1051572494288,2.9154688336038204,38.00099016918426,0
2023-02-20,278.1007774131756,278.35485240119624,276.9434265960308,276.9780476083408,14747.77067720662,-0.3500734310120411,-7.556216470945593,279.1115146086043,286.46092731104403,2.8711511998159596,33.160900820376284,0
2023-02-21,277.33061285234294,280.5269954928342,276.45338201396373,279.6573408156267,2575.510157750482,0.9673305268851351,-82.53627470807466,278.87544430178895,285.91149079013616,2.757328992432664,41.94022098359752,0
2023-02-22,275.97676885173104,276.64308486964853,274.52625353090076,276.15028080317035,2769.605674509774,-1.2540561253382205,7.536196903561043,278.30178318615765,285.16392964532866,2.6609048642069912,40.76848672801824,0
2023-02-23,277.2001214294128,280.6072718408569,276.22678354656335,278.9690672055085,14671.599556196368,1.0207436306564135,429.7360447816555,278.65590055611887,284.6515986097314,2.178685305557364,45.9255463674509,0
2023-02-24,279.2621204744047,280.9622299544578,277.51527399824136,279.3633981965199,3165.6065079228947,0.14135294459757441,-78.4235761356645,278.85206001992583,284.26507049682874,2.0159439004583897,41.44169324520421,0
2023-02-25,281.1246807126371,285.60519554166893,279.32327698461455,284.21580259996006,8876.172990536583,1.7369506652502567,180.39407198340209,279.0407168173545,284.0489699088443,2.6567836141206964,52.11892648738137,0
2023-02-26,279.44624566619177,282.6235472043165,278.60280381244485,282.07925692985657,4149.434869703203,-0.7517335948806203,-53.25198287452078,279.6304563084261,283.7688673448751,2.642539935327867,47.50084133017206,0
2023-02-27,278.82782091448934,279.6348360255089,278.2741653200192,278.45437469177074,990.0978120999007,-1.2850580640132696,-76.13897209644071,279.8413601774875,283.43349645733986,2.6145681652346733,43.3942599110787,0
2023-02-28,279.4903477772965,281.6696519976081,278.30564712010977,280.94770420372805,12707.31364102394,0.8954176118501469,1183.4402304225853,280.02569780435914,283.06369453422053,2.412476854788962,49.54332414585835,0
2023-03-01,281.4414380315412,282.5926661025722,279.61671134030786,282.4095019559189,13795.775801513235,0.5203095559488392,8.565635438282827,280.9198722547518,282.7946663850838,2.5092503936439874,52.80686277666931,0
2023-03-02,280.4830895558506,284.3706640430736,280.0617651778393,282.5360368921491,7117.4479963664035,0.044805481173204695,-48.40849765342155,281.42943935284336,282.6524006299448,2.397659475682297,58.3007629315896,0
2023-03-03,280.111771602523,278.93802367349076,278.86583843539603,278.66438641165286,2955.2114607245494,-1.3703209413863813,-58.47933891145756,281.32958052643374,282.31979259033784,2.4553027539431627,50.86894447332545,0
2023-03-04,277.89910165451096,280.82865355215023,276.6359812143259,278.92817884450864,7268.777758737586,0.0946631308911131,145.96472554811527,280.5742057042264,281.84352710164586,2.046890714381059,44.1913484586721,0
2023-03-05,275.5066884063496,277.9863366825399,274.0404623615191,277.094325136624,11959.020027012732,-0.6574644826068139,64.52587249124713,279.8620725909075,281.4500678289257,2.290052504082265,48.61979697983468,0
2023-03-06,277.13174005113797,274.8638966791805,276.86860468088344,274.4936308215033,2605.4421561293566,-0.93855921222435,-78.21358146199061,279.29625203801214,280.84746461036656,2.968598077247655,46.197122105164944,0
2023-03-07,279.8442201082796,279.1531342340377,278.4125701789154,278.06933233928095,10916.799598895777,1.3026537290050417,318.99988350206814,278.8850560573768,280.58705321760317,2.609223090807117,47.63417175364743,0
2023-03-08,279.700199865119,278.38724327023164,277.8821348237877,276.6413515984788,9923.450754135023,-0.5135340631737857,-9.099267928864704,278.06103457774253,280.21536559535406,2.5472308242166597,50.77991606032417,0
2023-03-09,281.70726566090303,282.7676051820553,281.34789944316253,281.3031554092362,12896.457498005442,1.685143520236834,29.959404420197185,277.8849086516121,280.09948517225524,2.658198387923889,53.50197601824824,0
2023-03-10,282.4305377109983,285.11997339041517,281.95545106115054,283.50685109469225,10597.901842070767,0.7833881856924643,-17.823155360998694,278.57668932061773,280.14352016389586,2.960869474187946,55.89653073161867,0
2023-03-11,281.140298201788,284.7114005133535,279.19750801370475,283.3938337799321,5134.6552955922225,-0.03986405066536067,-51.550265589278744,279.21464002567825,280.1955161325821,3.0870156508585214,48.647867667394145,0
2023-03-12,281.86308941280487,283.3587847124702,281.50113550738587,281.9742315834345,15982.857508322457,-0.5009291054652807,211.27420611940067,279.9117695180797,280.09731515252736,3.029453160665186,49.823060591816635,0
2023-03-13,284.9391625457368,289.08047716722433,283.2303923589976,287.3820858640937,9207.35213486515,1.9178540713778103,-42.39232796719375,281.75297738130695,280.2524749478351,3.9164926180243333,64.18839766354108,0
2023-03-14,284.8675104675169,283.29669429791295,283.88295475462087,282.7973582801946,9863.477302450341,-1.5953421627217503,7.126100511575584,282.42840965858034,280.21625832862065,3.9591374655590266,52.75634107547753,0
2023-03-15,287.9967977791449,286.4205740473984,287.50233563033856,285.44172412011216,5333.6602046340195,0.9350744490680591,-45.92515356314551,283.68560573309935,280.2751270612727,4.002250969952162,54.364759135905196,0
2023-03-16,282.7573075709654,283.1164049062597,281.01580776842036,282.67398602262045,7783.5887440424485,-0.9696333309446569,45.93334493411989,283.8814386778685,280.32059882991564,3.1579443450600957,50.1845400340492,0
2023-03-17,284.40111257971586,286.95254676911816,283.5105020697105,284.97721075312484,5575.986429865496,0.8147989713917543,-28.362268187237532,284.0914900576446,280.4809755679335,2.867373106958768,58.81481111654027,0
2023-03-18,284.5752067161922,286.4142832734243,283.54557200833284,284.52616459405107,9135.269700382885,-0.15827446618688026,63.83235173338194,284.2532516025188,280.74883953387587,1.8114282592652364,57.77599411512047,0
2023-03-19,283.97719201526047,280.9548824879377,283.25872527646095,280.8760288652007,18558.542400711718,-1.2828822734310688,103.15264912139241,284.09636549991393,280.8450310977202,1.8805017888399598,55.00072058388543,0
2023-03-20,284.16071356833146,285.43818385409367,282.9748118654616,284.0270335090623,3140.4942853432185,1.1218489013079296,-83.077904409008,283.617072306338,280.8827587140903,1.8800710034014239,62.42561382843104,0
2023-03-21,280.1855757391297,280.0793681232038,279.8585279939597,278.2288714883724,1932.1930106162945,-2.041412026543896,-38.47487576608888,282.96443133607767,280.89201841395754,2.583898361598917,50.196552506529784,0
2023-03-22,279.74623196345465,281.1118914769543,278.9640688901511,280.7507407866997,17355.851637468044,0.906401008937943,798.2462695034903,282.29429085987596,281.0177748532361,2.6803155580907756,54.92989682326864,0
2023-03-23,280.46045710647815,282.1462449367287,278.5216324618076,281.01035447562344,8953.381614240669,0.09247123914839661,-48.41289381091511,282.05662921030495,281.06287530856935,2.2972296490181656,49.607253348308205,0
2023-03-24,283.4162451959612,283.83740211164627,282.89997833055895,282.0064255164702,6654.636306700417,0.35446061861508693,-25.674604373882786,281.6322313193543,281.25808013234604,2.300651293141647,47.92002941484755,0
2023-03-25,282.3797047594139,281.6767963405805,281.06623143033136,281.6089043834089,15199.523436980382,-0.14096172891566205,128.40502074735915,281.21547986069106,281.34607470494274,2.0531590148395615,47.54499970127404,0
2023-03-26,280.7627175536275,280.56873780528775,280.1123374251781,279.1738972707941,6971.922301315679,-0.8646768886610077,-54.130651989041844,280.9723182043473,281.33975800741854,2.2292677238216068,46.253065816116504,0
2023-03-27,279.7592034664585,280.2598828352938,278.2122572150853,279.6651848205487,19130.04856773468,0.17597904193673503,174.3870017616896,280.3491969631311,281.18807074810485,1.986133256792842,38.110201780875336,0
2023-03-28,281.5900077018626,284.87151357336745,281.3282603804259,283.0227211826144,13389.629356696345,1.2005557160145417,-30.007342588352337,281.03403263373707,281.2195195565301,1.7479330614217445,50.36087415401134,0
2023-03-29,282.247509921182,282.71103734200943,280.3078678310249,280.7689208516787,7560.442959271487,-0.7963319416611535,-43.53508407243251,281.0366297858769,281.29667109519363,1.749356734868597,42.42264941915358,0
2023-03-30,281.1879895136479,283.8325922651515,280.28041043088064,281.94405928692464,20786.541066327518,0.41854291838331986,174.93813759730392,281.1700161874914,281.32988293130023,1.4509102829585532,48.75189580437614,0
2023-03-31,282.2145243798746,282.3675663856309,281.7424234531817,281.41913795231596,6971.425384983308,-0.18617924986122283,-66.46183045684093,281.08611796404074,281.2968707978468,1.1346176612558054,43.52208804120388,0
2023-04-01,282.40867947857066,282.9434555321558,282.26168598391064,281.21937023017716,13710.476860046536,-0.07098583400985707,96.66676616204455,281.03047022786484,281.2529819091144,1.1265389462111413,43.923977942848516,0
2023-04-02,284.3459694596365,285.8745227167748,284.0064536494614,284.18542391970465,11496.46290203246,1.0547117316633556,-16.148336637844427,281.7464026062806,281.4370164927161,1.4679065376340523,56.23760874981828,0
2023-04-03,282.94186327188174,282.0272007347392,281.9023153747697,281.3889997882527,16508.70644699399,-0.9840139205176337,43.598136119548705,281.9926618873812,281.51904385750754,1.4572505930850534,44.96042448671131,0
2023-04-04,282.2865389786862,283.1138959689668,281.61253262582363,281.45606502066545,17807.555983634265,0.02383363687394021,7.8676638948703195,281.7688538642456,281.66443518697565,1.4560793513747738,57.89350691350594,0
2023-04-05,281.5023226724219,279.77952110296957,279.8445559406567,279.7055058335386,10160.020745328833,-0.6219653454610429,-42.945451050856,281.61693743308274,281.83816435404344,1.3720666046675802,47.34317691887689,0
2023-04-06,278.57529277615765,282.71492023249635,277.71351772883406,281.52238047553226,6232.910648269082,0.649566992462039,-38.652579512352645,281.55669760288384,281.9532659585852,1.216350042750256,51.206014054224795,0
2023-04-07,279.1675333302868,279.68044633281977,278.67010478511156,279.2204286582444,12299.860714695582,-0.8176798638174183,97.33735021713056,281.2425962751593,282.0392351939107,1.33287919332579,43.818212149163074,0
2023-04-08,279.6896438746466,278.88118938421223,278.45535390143857,278.6400556126577,6611.423151239469,-0.20785479356778153,-46.2479835780555,280.87412275837085,281.95046520069144,1.5725738905884596,43.46551028120948,0
2023-04-09,279.6998707879315,280.17474705729126,278.2863163541606,280.02084065403284,20066.936237633116,0.4955443460342208,203.51916340237716,280.27918229184627,281.83426485266943,1.5714227551503221,51.95485718905401,0
2023-04-10,279.23069652118124,280.4547819984013,278.89661270537937,279.062204446645,10682.676655413687,-0.34234459304842463,-46.764784973106075,279.94678295733087,281.68987720822656,1.6557056325597284,48.63763342076159,0
2023-04-11,276.3999550370804,276.7482505653167,276.06471660450376,276.0685006377806,8173.392243439456,-1.0727729377758917,-23.489285437677214,279.17713090263305,281.49301951003804,2.1757235744885564,34.025077892286376,0
2023-04-12,275.55866439154966,277.92944798467227,275.4853215376826,276.47991444161477,10923.401529324543,0.14902598553755125,33.64587436865567,278.7163321323582,281.12961379595544,1.929234810848558,39.236403686344445,0
2023-04-13,274.8732353584961,276.14020960516496,273.40043132836485,276.0094969235671,3264.368552351518,-0.170145277640777,-70.1158238705396,277.92877733922035,280.9033517507345,2.045995528896657,34.560646565942875,0
2023-04-14,273.2686808200529,273.10350977429835,271.9410717648093,272.4729290986371,5141.929807446742,-1.2813210647999334,57.51682829264809,276.96484883070497,280.47105858335203,2.6439749664345027,29.878610113411384,0
2023-04-15,272.9461093967209,273.16136462050457,271.99684764522124,272.0823820357539,16002.069539722128,-0.1433342622972458,211.20746760384225,276.02803831971875,280.1180051171231,3.1268980746907187,29.62437851320719,0
2023-04-16,273.75421111034996,274.92307989430043,272.06587021241154,273.3416335646225,6715.528605143021,0.4628199442561265,-58.03337444276826,275.0738658783744,279.7301525441731,2.921574525842054,23.825693922091148,0
2023-04-17,277.526582912771,274.7112061715317,275.9152426068709,274.0737011656676,4765.445086590302,0.26782147728404637,-29.038421741801045,274.3612225525205,279.38173709656024,2.808896162502657,30.388164724478486,0
2023-04-18,277.8757385384347,276.8547346980109,276.7050298096412,275.60295194513685,12683.26376263643,0.5579706381769407,166.1506644641952,274.29471559642855,279.20596786589147,2.6291623864637184,35.44899387010153,0
2023-04-19,278.39083931988023,282.2131062175194,276.6542967588537,280.441150721047,15928.520773314984,1.7554959922465794,25.586923613768413,274.8606064934903,279.0864384396243,2.711164611282867,51.58543887146512,0
2023-04-20,278.2419474883479,281.9411254349644,277.83026506827434,280.7093990585998,13594.766553325333,0.09565227387745807,-14.65141837840576,275.53202108420925,279.16912269196524,2.983692450141833,48.12256730961181,0
2023-04-21,274.4044050577498,274.4967699479225,274.18056581895434,274.0308509984152,14980.238429029083,-2.3791679518327813,10.191214908099013,275.75458135560615,278.9451263656891,3.027132811439168,40.03078264479428,0
2023-04-22,274.35137730685136,275.2650143145481,273.81187808381736,275.216212751435,6216.024557152696,0.43256507385976367,-58.50516941634836,276.2022714578463,278.7519883082161,3.009137537390022,43.572179054094015,0
2023-04-23,274.47183772673344,276.6789107063506,274.3576640145548,274.93871295854876,2890.9466662907816,-0.10082974041100107,-53.49203273394073,276.4304256569786,278.51639788961876,3.0040100683847704,40.04664148717238,0
2023-04-24,279.398321951704,284.05918198608765,278.33598289570193,284.0166431643869,17506.668259777434,3.3018013753511557,505.56870397887,277.8508459425099,278.59665584898465,3.888536639624228,57.36193900066169,0
2023-04-25,279.01360002214176,282.442365734662,277.14038863755184,280.6929623892936,8386.600805789321,-1.1702415527704024,-52.094820777189156,278.5779902916752,278.6472913529347,3.766500418916217,56.804885302147454,0
2023-04-26,279.61669470680897,280.48269258764225,279.53800762547195,279.4248183195878,8745.834917724764,-0.4517904755827089,4.283429249278932,278.43279994860956,278.639279136236,3.5394015841548234,54.22684586104746,0
2023-04-27,279.5472711673985,279.99209590352365,279.30305133937844,278.11396050649785,16640.970709245288,-0.46912719527679675,90.27309417331708,278.06202301259503,278.4756537803654,3.2727835466473545,52.9493980215569,0
2023-04-28,277.2099150921594,276.3978120833204,276.3055170355925,274.80024561177305,12781.150047003299,-1.1914953455374546,-23.194684551049498,278.171936528789,278.2766979390352,3.3555909520357745,53.28222819587102,0
2023-04-29,279.49556072118946,281.796624396057,277.62781068613367,279.8007561749903,12279.438860408038,1.8196892626805572,-3.925399394813408,278.8268713035826,278.2052545019707,3.3147460737725756,59.632732315691726,0
2023-04-30,280.999426786563,280.56632429954,280.3671145766095,279.86490066863655,20825.01172450542,0.022925060862291236,69.59253563003138,279.53061240502376,278.1534465925148,3.253173207179618,58.391531080808235,0
2023-05-01,282.5814906806491,281.9824866941148,281.5670210632723,280.44811011625256,6782.408848099285,0.20838963593599785,-67.43142842931407,279.02082196957593,278.12773792205064,2.9854092020443064,58.23156538183118,0
2023-05-02,280.7627157710596,280.5967182719143,280.6795700529588,279.7928564446958,14639.200640406187,-0.2336452441362972,115.84072809926083,278.89223540606196,277.98131900621695,2.7261399908497737,55.53556743601769,0
2023-05-03,283.56830439293185,282.90573362811807,283.27161799100764,281.94598238751024,10285.065624485422,0.7695428575890093,-29.742983396940126,279.25240170147947,277.9998850928589,2.3922751618385454,52.13996278483762,0
2023-05-04,280.76460226734724,284.5503256463928,278.79134202142956,283.2953147199561,11342.961394316284,0.4785783152573177,10.28574642550023,279.99259516054497,278.06119341616863,2.2613161210532216,53.567635095262645,0
2023-05-05,281.9383164549478,285.0081303187447,280.00807906207575,283.260776090372,17642.34213206266,-0.012191740487556191,55.535591797948456,281.2012423717734,278.1797024247297,2.5044357156978916,65.5925096620626,0
2023-05-06,286.31922770656774,288.27543568299143,286.3093477446989,286.3072687445928,12539.178781448118,1.07550812232783,-28.925656879424228,282.13074416743086,278.33919870036505,3.1646405159031032,67.62811133511569,0
2023-05-07,284.3381550563064,288.09461809237047,282.4345314854599,286.55807126464146,12691.480395248165,0.08759907533900983,1.2146059678595527,283.08691139543157,278.583786787245,3.489180050993533,68.48348045702157,0
2023-05-08,283.20555959710083,284.1571456229069,281.9273197214698,283.32161205857227,15362.53668654901,-1.1294252476595772,21.046057734138873,283.4974116729058,278.73983866877546,2.5584005283891713,48.64200106736105,0
2023-05-09,283.40486232727613,282.95565002983784,281.6690257382361,282.1129360252837,8175.236352285573,-0.4266091896437042,-46.78459346207081,283.8288516129898,278.8095751811505,2.390373975856066,53.02440419948379,0
2023-05-10,282.3979110190437,286.157761738126,281.488431307776,284.6825971349482,5803.951663304968,0.9108625594659652,-29.005701936894567,284.2197965769095,278.99692160409387,2.2381957961941343,60.610295125841205,0
2023-05-11,279.2965841569115,280.58250351397504,278.265392099753,280.10494922243845,4775.954029894832,-1.6079830515034266,-17.712029545483134,283.7640300772641,279.13146989024915,2.2867131050738485,53.54981330431276,0
2023-05-12,279.4337101065235,278.09878910129663,278.45601694600964,277.8778408750338,168.21705311999176,-0.7950978208657142,-96.47783349531746,282.99503933221587,279.1780674380298,2.6494229357100934,55.708349413800065,0
2023-05-13,277.3091026790713,277.73283897722746,275.9753741639791,277.0235946619459,20281.03564970161,-0.30741789643893036,11956.468279250406,281.668800177552,279.21187069597573,3.2460928849151434,43.912589938126786,0
2023-05-14,278.25628754034165,277.51733814357266,277.97698503082904,276.9428601602645,4483.958171391584,-0.02914354706136058,-77.89088166482487,280.2951985912124,279.36086839803005,3.6586253913454994,43.59967675189089,0
2023-05-15,276.41743907187407,274.9358557163396,276.35749189212873,274.3432394754276,8893.73188207114,-0.9386848548225899,98.34555859184108,279.01257393647745,279.4362303126858,4.2989709218198415,37.7134430459357,0
2023-05-16,279.5173078819091,281.37378970530636,278.9014479987267,280.90657420320656,8615.933500555397,2.392380705399825,-3.123529978183369,278.8402365333236,279.6883950006386,3.8654035589140827,51.81081831519774,0
2023-05-17,277.9508012972367,280.8991126372146,276.5414397717634,280.81492625794186,11537.033489045503,-0.03262577443217796,33.90346488052406,278.28771212232266,279.91310250371436,3.219379536743765,48.02885292506696,0
2023-05-18,277.30667826482534,275.24457477356344,276.90297136057944,275.2088269040966,14078.686062696484,-1.996368009546538,22.03038221276118,277.58826607684523,279.8999650023464,3.2589670832760547,37.728062229349824,0
2023-05-19,278.93371269956464,281.75361133407256,277.5868478329148,279.7781665546005,14302.367441798728,1.6603172586815966,1.588794423756059,277.85974117392624,279.8778655301315,3.0906026367048534,45.354274672200184,0
2023-05-20,276.47198406669673,276.3515664804857,274.53215997448217,275.496020213014,7084.612807155308,-1.5305505766658203,-50.46545380696556,277.6415162526502,279.7040862352787,2.432581254886387,36.03830092714804,0
2023-05-21,276.926903935905,276.9648691545773,276.7391025043261,276.19621586025795,9164.391431067943,0.25415817139665625,29.356277901483953,277.53485278122076,279.7762650640068,2.342294791184088,36.77218425709907,0
2023-05-22,279.54118944446986,280.0118931234977,278.19598520801964,278.65259855811155,11412.899752441499,0.8893614600050894,24.53527152660625,278.15047550731845,279.89081125756263,2.370339818747936,43.918471332138154,0
2023-05-23,276.3262229753474,275.4667445965578,275.4387225367382,275.03023682082767,8756.544369082265,-1.2999562021053455,-23.275025987948194,277.3109987384072,279.89386205297194,2.4985939415405993,41.320333647983965,0
2023-05-24,276.695490692412,278.6681955022297,274.959206183657,276.76827313432926,18036.727880099963,0.6319437213857557,105.97997474647998,276.73290543503396,279.6522497186367,2.5022609650912986,40.09939779445252,0
2023-05-25,277.2152562809089,277.54152113512345,276.8609567020141,275.9688311062923,12454.874758191258,-0.2888488694832904,-30.947149388815692,276.84147746391903,279.49477867587,2.3346112933355307,44.285661023979884,0
2023-05-26,278.7789020244635,279.3634092677578,277.39365012001116,279.18458726313327,13674.388930249088,1.1652606361195756,9.791460739143815,276.75668042228085,279.4867709739882,2.106299826834903,51.75735535855932,0
2023-05-27,276.3050006027073,277.0648049901035,274.6287700234111,276.2296434385336,13314.406343337063,-1.0584193968467839,-2.632531433384261,276.86148374021224,279.42396040505605,1.7226421229509459,48.98937069456568,0
2023-05-28,273.66408737653876,275.0639019213634,271.7748589375907,273.3056653062391,15867.369287426623,-1.058531624591967,19.174440664169314,276.44854794678093,279.37414106153824,2.0060802092918566,45.6826790299294,0
2023-05-29,274.70797050777253,275.23608905929296,273.3414744511932,273.3466250147101,10905.107793518535,0.014986776225480652,-31.27337244139271,275.69055172629504,279.1590033561955,1.9250226053764958,48.7405232840838,0
2023-05-30,275.3019398542389,275.3715858808862,274.30759032622205,274.43678285838644,3515.840260220767,0.39881884168778087,-67.75969273489977,275.60577258880346,278.9780660958539,1.9851313574484173,40.51112252214703,0
2023-05-31,275.8029255549307,278.16283517209075,274.5672310745283,276.93601239366933,11998.439758763208,0.9106758610315491,241.26805744040828,275.62973534013776,278.86099617176774,2.010524845396365,44.68627800022807,0
2023-06-01,276.49582197392465,277.58126564754537,274.7580120049672,277.24719775536124,6743.215531040854,0.11236724288842459,-43.79923001141991,275.81235914714756,278.7761408821233,1.8457771322852452,53.266189175121745,0
2023-06-02,275.13577253076767,275.6517769158438,273.99455303749,273.66943966356985,7356.916591251216,-1.290457801109447,9.101015048166992,275.0244809186385,278.50025612465856,1.9592270314563358,39.89040937732906,0
2023-06-03,275.60027992508964,276.2126217860004,275.53950580569597,275.7492783832335,12931.820093775466,0.7599820872292005,75.77771792538573,274.95585733930994,278.2487215801012,1.924216608148059,50.45208162912327,0
2023-06-04,276.186424871687,279.19896910501495,274.32452748067305,277.3135055567447,16191.415357168178,0.5672642853981479,25.206005339972737,275.52840594652497,278.0504792289803,1.9978548994107974,51.93475053562459,0
2023-06-05,274.7577220356343,273.5529074119369,273.37866853357116,272.2536141139522,10106.357883680308,-1.8246105369567445,-37.581998480410334,275.37226153213106,277.58202407462556,1.8688873116425728,39.8357074799344,0
2023-06-06,278.4892710579238,280.5197849362514,277.13624428636933,279.3043113464937,11544.16506299482,2.5897534016170725,14.226758995308042,276.0676227447178,277.340232077354,2.2901826758386874,56.12224558755772,0
2023-06-07,279.43693689974737,279.46837828336163,279.0055865949519,278.4430012613286,18511.07472317619,-0.3083769387636055,60.35005236120553,276.2829068686691,277.17761171744587,2.354391012425757,52.46070947592439,0
2023-06-08,277.05432990534206,278.37156753166727,275.73655896487674,277.9102279082318,11203.765897442841,-0.19134018477153836,-39.475335360104566,276.37762546193636,277.03752144687746,2.250952545349479,52.87506096802049,0
2023-06-09,278.3674371226097,277.57560445180695,277.5797083113014,277.22254838779594,23008.415570901976,-0.24744663973393352,105.36323037732731,276.88521242254006,276.7888531553057,2.1617332706359513,46.85919302747298,0
2023-06-10,276.4180737821551,274.15172304929865,275.1156078280721,273.7107506311583,12827.54822815772,-1.2667792634692598,-44.248450361004785,276.5939941722436,276.57571320226305,2.3400887597761817,46.03841580534878,0
2023-06-11,277.99224298964,275.9238058571038,277.779056929024,275.55092933281526,1196.1862042209123,0.6723077911311947,-90.67486488497337,276.34219756882516,276.4981494841891,2.323803830903708,53.65586670112617,0
2023-06-12,280.3094341476548,281.9407305147804,278.99374353844877,280.3815615676469,13766.708105522663,1.7530814526838714,1050.8833705776647,277.5033329193529,276.61008171437913,2.5021804684985662,59.90909906683705,0
2023-06-13,278.6680695109514,279.75790378186707,276.66924205941007,279.0576532635336,11905.791924413888,-0.4721809439647688,-13.517510263490282,277.4680960503586,276.6805748178214,2.568022573193997,56.46617293270088,0
2023-06-14,280.59482176944005,279.35403218491024,280.49839769171894,279.2383468317834,16448.763770413727,0.06475133942274156,38.157662042489335,277.5817168461379,276.84374506303334,2.65522724469927,53.445311647042864,0
2023-06-15,281.420383623313,284.3164775717607,279.46603525487035,282.37827231147907,13365.906756349792,1.1244607036680307,-18.7421806106125,278.22000890374466,276.89280166664236,2.435303913656473,57.07904090732569,0
2023-06-16,283.064503943302,282.3397956198254,282.25068802185626,280.57222384989853,9307.720080081132,-0.6395847834880009,-30.36222495223321,278.6985339697593,276.8847115863743,2.5236621863138633,60.01285738594478,0
2023-06-17,286.8580899086099,288.61447477702933,285.1165830079354,286.7589702106389,3878.5088185531713,2.205045915040458,-58.33019487926667,280.56256533825655,277.269716363259,3.643877592177416,64.26994292659717,0
2023-06-18,286.36731367660417,286.5406050222534,284.80254270848764,284.5507893769605,8954.883713569874,-0.7700476926864321,130.88470679075007,281.84825963027725,277.428803790671,3.958400708301191,59.22641295483811,0
2023-06-19,284.8598413478892,284.22987768462497,283.72580882591586,283.88208718618597,5747.3977289535,-0.23500275372234417,-35.81828739725428,282.34833471864005,277.70833935644345,4.0098714997651195,66.69353349779323,0
2023-06-20,283.0808124886381,283.94439453341806,281.6039140701355,283.15191049561275,7097.382750976387,-0.25721125901625674,23.48863060619777,282.933228608937,277.94019584428855,3.243703555024738,56.74810132185295,0
2023-06-21,281.44919191870724,281.6750488221895,279.69216079610453,280.1585718707813,12942.892022103048,-1.057149365367894,82.36147712792429,283.06468932879386,277.9903949547109,2.5494605427554005,52.799488937526704,0
2023-06-22,281.294988499879,282.11019641964185,280.48670785657697,280.7181551835343,18349.522521757033,0.1997380658447517,41.772970758165066,282.8275297390874,278.1799922334678,2.527656307851344,54.57800415433588,0
2023-06-23,281.97729244951233,283.79452347601375,281.32322612638586,283.486731663334,11973.357649114905,0.9862477466017887,-34.748396668534056,283.24388799814966,278.4039408511013,2.325679163628743,59.564079850453744,0
2023-06-24,282.5306740481724,283.2970024938689,281.19548727704523,281.6653362438877,4020.584689824078,-0.6424975901903598,-66.42057468214617,282.51622600289954,278.5938243556878,2.0601714959768493,62.8059814165505,0
2023-06-25,284.1850405462444,285.8874598580154,282.5693486623619,285.4385787143421,12223.013341100705,1.3396190389531122,204.01084130963864,282.6430530510969,278.8022907373948,2.2226308501408383,64.98530553223665,0
2023-06-26,284.2110443300002,282.96411927765905,282.686474060447,282.5164840480138,15983.157433228254,-1.023720997872762,30.762824085970784,282.4479668885009,279.0118520910441,2.0621832723543547,53.434271259265635,0
2023-06-27,287.11811248431485,288.98676759697463,285.5224851865976,287.9128187511878,6951.085478403089,1.9100955193314906,-56.5099354902674,283.12809663929727,279.4987572058757,2.2999770529895938,62.59444687522493,0
2023-06-28,286.58879881783895,289.9370316185092,285.7176321882131,288.7511517488258,9329.914166635412,0.2911759890630299,34.22240591952588,284.3556080504465,280.0122414303462,2.85950389353014,63.28133675645542,0
2023-06-29,292.0291371510182,289.4818428165029,290.39346871866815,288.32167040082726,10073.440973645986,-0.14873753590154914,7.969278106217641,285.44182451005975,280.4750710150942,3.203143416557278,58.97733667891295,0
2023-06-30,293.2804718465482,292.268102638138,293.040053735807,292.08512896334247,6075.5084345888,1.3052985428681856,-39.68785392713898,286.67016698148956,280.98004156741666,4.0169192565699,66.41902709634064,0
2023-07-01,291.5661567337156,294.1866866497472,290.4771785377939,292.4317649244864,13241.402169219295,0.1186763469863046,117.94722716265136,288.2082282215751,281.4861938063875,4.207937077260579,59.70719564376829,0
2023-07-02,289.4243717375934,289.6510037437063,289.41285441659716,289.1198036585289,9395.259256961092,-1.1325586557988125,-29.046341641966528,288.7341174993161,282.00120593955285,3.7792605782443958,57.533830532327414,0
2023-07-03,290.3893165680798,291.20506522070235,289.74014490827926,290.94603537813674,12097.66221953514,0.6316522412158099,28.763474095425263,289.93833911790506,282.5077645060497,3.70628875759519,61.219438942117904,0
2023-07-04,289.9423909974281,290.81390937709233,289.2094679276853,289.0364132173544,5562.5391109895,-0.65634926363594,-54.01971876841471,290.0988526130717,282.8985280947366,2.98771597362703,59.008650531206754,0
2023-07-05,291.3703919856123,293.41157966328115,290.5780466023938,291.50027666682166,7812.708498382948,0.8524405011954207,40.452198941809755,290.491584744214,283.5400835131656,2.87521776103223,67.64926436896916,0
2023-07-06,292.31686723475934,293.8076066162021,290.9259328213796,292.0833513816712,13611.906789138857,0.2000254413192157,74.22775714665676,291.0289677414774,283.9660515143382,1.7545013924313917,67.6728992793522,0
2023-07-07,292.1712094094456,295.5419146513851,291.3940932069049,293.92288250193536,8135.8342395411655,0.6297966356392573,-40.230017986658055,291.29150396127636,284.48204755569174,1.9001335716781216,66.7110708630799,0
2023-07-08,290.4776219733088,292.1697371995387,289.5802347280638,290.85925323826064,18634.819256167026,-1.04232417619086,129.04620113324688,291.06685943467266,284.91368173335934,1.756644788112788,64.15864877038538,0
2023-07-09,287.4479275239371,289.0560462582682,286.9728392621884,287.9543315170499,8001.819071926988,-0.998737942447756,-57.059851442997726,290.9003634144614,285.2714078376678,1.8222051738500766,53.98072561992556,0
2023-07-10,286.554897619803,286.11105569044213,285.8083940365443,285.9370821706193,11123.42362875943,-0.7005448870322601,39.011186441143835,290.1847986705303,285.6789522223165,2.36842564021901,55.57203611902609,0
2023-07-11,288.26769520845,288.3531922984826,287.8131559539237,287.53628587234124,14662.95415936545,0.5592851719623007,31.82051361825887,289.9704947640999,286.07846410696743,2.4027007503636995,49.300051834060596,0
2023-07-12,288.6958826967104,288.7924224490056,288.5494908491735,288.04704541498097,2908.1713353348414,0.17763307371456297,-80.16653872250328,289.4771760138369,286.33398023521187,2.4640530525223325,48.674978733099714,0
2023-07-13,286.2044051392864,287.31559092037446,284.9975079525236,286.7960833528538,1195.9559400961207,-0.43429088478408767,-58.87601512452083,288.7218520097202,286.5919279048559,2.5924030308978323,47.215177937006,0
2023-07-14,286.5507669909888,287.36613049713554,285.2143413938788,285.9192902697584,2371.718427149526,-0.30572003384603086,98.31152199126231,287.57848169083775,286.8146260194551,2.814498654519333,37.41893526891662,0
2023-07-15,287.32140175044646,288.74781550594867,286.0824210584272,287.7560640357911,16312.92051713591,0.6424098787807399,587.8101687957014,287.13516894762785,286.9938857435988,2.6998554057333424,41.00639163416721,0
2023-07-16,285.5536868780442,288.82888050782765,284.626698790443,288.6667880760123,7240.709270537766,0.3164916935018786,-55.61365444690446,287.23694845605104,287.2637045511359,2.423519718737509,49.03995028167257,0
2023-07-17,285.86113708993526,287.60819054898246,285.1015655295768,287.1678241450828,22790.996428341263,-0.5192713512074674,214.76193252333937,287.4127687381173,287.27733301561733,1.433595211126062,41.88042732625153,0
2023-07-18,285.97755452682725,286.85503675589473,284.2508872276836,285.4885192285755,7178.762006713057,-0.5847817113587516,-68.5017632761942,287.1202306461507,287.30859067733786,1.06120495836316,42.299158327408605,0
2023-07-19,283.691613931166,285.6456965333925,282.65345036089354,285.4934348144119,10922.756515985186,0.0017218155916281955,52.1537628043807,286.7554291317837,287.3623022649454,1.1310527346534263,35.40385320206387,0
2023-07-20,284.40718865186255,285.49748942042777,283.44882489660307,283.79507559233025,17710.54976283938,-0.5948855612689258,62.14359202203605,286.3267137374232,287.38374110150266,1.4789626230677269,30.895627642224298,0
2023-07-21,285.528757704599,283.46186395586017,285.4774735729861,282.4715709018322,20030.464440795615,-0.4663592867972313,13.099055133928855,285.834182399148,287.4608410692044,1.9425976860238485,22.961662922793536,0
2023-07-22,287.69486019094956,287.14390387922674,287.01236453569726,286.18273072457345,20307.517883181987,1.313817107644789,1.383160351599752,285.6094204975455,287.642993587239,1.8274394229699706,39.28562773205049,0
2023-07-23,289.8024642950194,288.1810919827996,289.0420730574477,286.9962764134806,16041.831152965711,0.2842749060529824,-21.005455983121283,285.37077597432665,287.75997841224387,1.8385120420075565,47.572358475852695,0
2023-07-24,287.0471255591052,288.1692172648936,286.2494799973114,286.51985533304327,15120.312629057313,-0.16600253020388703,-5.74447215608571,285.2782090011782,287.9217957152157,1.8456045253327478,51.601782838207185,0
2023-07-25,285.17147547927493,285.8947214638637,284.01113074082025,285.19910304805927,12962.634746005915,-0.46096361574969663,-14.270061314108688,285.236863832533,287.9138131930063,1.7586413593482582,43.476272289190945,0
2023-07-26,286.2015460136923,290.0722342872233,285.1343409202385,288.7162019821052,13891.80538083319,1.2332082732578746,7.168069246983707,285.69725914220345,288.12047045747596,1.7676436557216053,51.59937769283379,0
2023-07-27,287.22911791551667,288.8509729041545,286.0133077299298,287.7195089761629,7244.071418357333,-0.3452154742614917,-47.85363586829307,286.25789248275095,288.1140267983085,1.8227219449131764,52.23427334652584,0
2023-07-28,288.25921328812876,288.4646190352543,286.7294467650445,287.9305624949155,5909.005582888464,0.07335391315785397,-18.429771855722656,287.03774842462,288.08667382317816,1.9282221865404154,55.02836397550653,0
2023-07-29,295.9646762694382,298.9660446139237,294.338704792006,297.2087846412134,9983.12771294524,3.222381836058747,68.94767779294001,288.61289898414003,288.38291096452434,3.9821492774393374,67.22389389802524,0
2023-07-30,297.10645729082455,295.38460637052657,295.67021113837154,293.7897543273127,9149.076887375359,-1.1503799653930487,-8.354604384038451,289.5833958289732,288.43973180999,4.256773091358658,58.55280969419542,0
2023-07-31,299.37758857118575,301.04791407766544,297.4665411792759,299.7310104083486,7733.859753363624,2.0222815784163424,-15.468414479766441,291.47070369687395,288.6830399927855,5.065204178984128,68.26505532865956,0
2023-08-01,301.2855920981722,304.1430533471911,301.2491269328194,302.4418898890026,13481.937237283577,0.9044374410778327,74.32352883590873,293.93395895986583,289.1271095338013,6.188877956395871,73.92996417301318,0
2023-08-02,302.58837460078377,302.10508363403363,302.19681862941667,300.370495232114,14776.526042852554,-0.6848901313401996,9.602394543039864,295.5988579955814,289.4412581956004,6.51394777899813,69.84170452820432,0
2023-08-03,301.95783611150307,305.0901931297435,301.9427103615468,303.67346717631347,10442.034431459237,1.0996326192581067,-29.333630914486314,297.8779948813172,289.92915999423246,6.877246837244186,75.4238500766687,0
2023-08-04,303.4757745524896,305.65754582045855,302.1808251241804,303.9835191637312,17387.65040527631,0.10210045358942535,66.51592675170338,300.17127440543373,290.3452680774628,6.558485289465248,78.24533656356881,0
2023-08-05,301.9301241234145,302.7021351759019,300.13406302551454,301.3071922525633,4291.554429332475,-0.880418424831244,-75.31837638034064,300.75676120705515,290.6527294398258,6.076992811100431,70.41324948695942,0
2023-08-06,301.4564869099344,303.7659412526145,300.9695223167818,302.40565970909387,9031.70270360141,0.36456728706621566,110.45294548451612,301.98760483302385,290.9354886800645,5.05456146434722,70.63906704099583,0
2023-08-07,300.4857598142762,305.12902185741314,298.6316907246836,303.8917991009828,6415.888396985975,0.49143901384601674,-28.96258205634219,302.5820032176859,291.36990687548854,3.2793127922966465,72.65491727853224,0
2023-08-08,300.6495080930489,302.4277407547519,300.52897331246976,300.9223074756366,667.3169146347009,-0.9771542483643687,-89.59899435052222,302.3649200157765,291.8021727407748,3.0171237437935297,69.65937379480309,0
2023-08-09,305.2788252263959,305.96836631643254,303.40995317278487,305.6511561058464,9586.596570786503,1.5714516713230462,1336.588277705256,303.1193001405954,292.45930853861563,1.8717903497275439,70.55171618520001,0
2023-08-10,301.5442948412124,302.6169950102999,300.8410494667331,300.85525349190203,9391.262458083582,-1.5690772039100478,-2.0375751838579355,302.7166981856795,292.90327412593433,1.7186438996851092,64.59525976202168,0
2023-08-11,302.91681522196143,303.3857357232547,302.713973565063,301.64204866776424,17567.248716210655,0.2615195070487235,87.05950126108495,302.3822024005413,293.3564409010271,1.7426921434494904,65.04251452152101,0
2023-08-12,299.6913834795821,300.9953817704676,298.71963996120945,300.9368872043985,13154.058422773887,-0.23377425875476554,-25.12169301368391,302.3293016793749,293.8278010294119,1.6747434107025816,55.037606413325015,0
2023-08-13,298.74751974800324,299.1150275102695,298.2339666125622,297.46339400913996,4879.065878353976,-1.154226465065848,-62.90828486889832,301.6232637222386,294.21260448739133,2.2536692500476034,54.95671772782166,0
2023-08-14,300.925420941938,301.290510032714,300.35567513801413,301.0327702977671,19270.462831670942,1.1999379959059704,294.96213644428417,301.214831036065,294.6551613627905,2.1418194800803096,51.87652962291281,0
2023-08-15,301.0539809801289,301.00773251849955,300.43940105027633,300.33749480998125,16105.168477626765,-0.23096338883575057,-16.425627042242215,301.1312863695428,295.04418492058943,2.1787280724124725,46.77928587756897,0
2023-08-16,298.8984914242703,301.1039776754731,297.29243962860494,299.6169611628899,12910.48851734308,-0.2399079900254353,-19.836364734226294,300.269258520549,295.4591561545164,2.2297741276485907,48.7969954030438,0
2023-08-17,297.46788400575036,298.2898969557774,296.38956145239985,297.96837716368077,8867.57950575084,-0.5502305319467007,-31.314918921629246,299.85684761651737,295.8751514190199,2.23235476506255,40.38396056295776,0
2023-08-18,298.8270795036197,302.0193234682447,298.2044641053077,300.38338942000655,5202.803816382601,0.8104928044089592,-41.327801876391895,299.67703915255197,296.3714832392064,2.23135860111523,44.33396787317595,0
2023-08-19,297.36634624018546,298.26558999781884,296.1456786735636,296.6013216419033,8138.966119644735,-1.2590801992766008,56.4342305972933,299.05767264362413,296.79835810752553,1.7286073496901406,42.84281478192974,0
2023-08-20,297.7992634193494,298.40938648393103,296.366962070903,297.39445101640933,15443.74309852093,0.2674058800936769,89.75067436691883,299.04782364466257,297.29578744467807,1.812419492201952,42.30697300663535,0
2023-08-21,297.890407099157,296.43503326891727,297.34515909768993,296.4222615254836,19422.931529673046,-0.3269023640498641,25.765699453607255,298.3891795343364,297.63710513804176,1.8266247033996106,38.34918586446633,0
2023-08-22,296.5872064039454,296.49484278018105,295.7601082008947,295.9207665138312,17716.217641360945,-0.16918264136826736,-8.787107577992014,297.7582183491721,297.93458814138677,1.8676898256681118,41.5479858701287,0
2023-08-23,300.87509458259603,302.6748991589148,300.63132239592215,301.4410453221633,7555.75289106863,1.8654584040738702,-57.351207554434836,298.0188018004969,298.4319611410241,2.0780908364737583,43.07075618383219,0
2023-08-24,302.1429326272321,305.24078790825496,301.78063392816273,303.2784155522001,4401.912833554944,0.609528880870597,-41.74091057479819,298.77737871314247,299.03460489116213,2.445598294818964,54.418480496636654,0
2023-08-25,298.09264745391687,297.9730265216838,296.7304117459869,296.7093994676504,10704.43123455602,-2.166001847704529,143.1768106119271,298.252523005663,299.301044807347,2.4834802549989066,42.57197887473687,0
2023-08-26,298.4655560834557,300.28957212574244,298.1026793880644,299.76996496361414,1157.8031721857424,1.031502709875358,-89.18388892584854,298.705186337336,299.70272667359535,2.491081899924967,48.35914627410495,0
2023-08-27,297.14198315391894,300.4434513483256,296.0916563865848,299.1754399421264,11615.838570923908,-0.19832708108696537,903.2653951876044,298.9596133267242,300.0775559218357,2.486912118627611,52.61945589411686,0
2023-08-28,298.8468498235114,300.54697293777866,297.42875730006654,299.46700217834695,9261.987068506656,0.09745527115359391,-20.264154740487495,299.39457627713324,300.15282983974015,2.4347206298731576,47.33727440463897,0
2023-08-29,297.261808346646,301.6366928557854,297.0480545004565,300.0770020654831,7669.817490658788,0.20369519269200512,-17.190367100184034,299.9883242130835,300.36240476434585,2.361835292518894,49.555720735633244,0
2023-08-30,297.0323354637122,296.0856129427107,295.89771102445434,295.8716516650568,2026.4846636660232,-1.4014237583953921,-73.5784499939651,299.19269654778253,300.2337594729027,2.5182981983585466,44.2908862250062,0
2023-08-31,298.0423100216731,297.69738377171,297.52918445427036,296.17532796670594,12568.000532848582,0.10263784987178366,520.1873006091432,298.17796974985487,300.0248740754929,2.5454133843976714,47.14993068232232,0
2023-09-01,299.77382041001334,298.1882731940091,297.8479666595382,297.1057400366569,7336.495801690443,0.3141423279036869,-41.62559284975141,298.2345898311414,299.91604890231093,2.421645274008768,44.53208169258438,0
2023-09-02,297.37322759590177,301.54327807085355,296.4061363024619,299.61729406313555,4150.41582144856,0.8453401223984245,-43.42781712636925,298.2127797025017,299.7808431318717,2.273767758843095,55.25410150325125,0
2023-09-03,296.7042251242199,298.3695179408283,295.09224002466954,297.68577360875094,4361.311066408247,-0.6446625387310252,5.0813039953688675,297.9999702263052,299.57091828003905,1.6243194408978252,50.488148998522114,0
2023-09-04,295.754334501898,296.93620128180015,294.65388141758547,295.67095749553226,9862.425474746819,-0.6768264700034838,126.1344197782482,297.4576781287602,299.383043788138,1.755635885848681,48.78359469607194,0
2023-09-05,294.4476760367505,296.7316851872503,294.36085097104086,294.86762897623026,18861.257983348718,-0.27169679636666305,91.24360464516373,296.7134819731527,299.1317760970425,1.9038008033410114,48.31141232687871,0
2023-09-06,297.97858451731275,296.49537040234657,296.7122817661247,296.2903509463652,18306.29607273935,0.4824951369109533,-2.942337733248248,296.77329615619675,298.8783944918886,1.8515993435518283,40.49210895735363,0
2023-09-07,298.78854793923466,304.3316328831328,296.88574125482137,302.4571759086599,7714.51871706864,2.081345188122924,-57.85865864719274,297.6707030050473,298.9295567729894,2.402883873533089,48.69295430793773,0
2023-09-08,296.2667800305646,297.83638324812904,295.0635563902719,296.4606118035274,6988.939698191098,-1.982615914837289,-9.405369868014889,297.57854182888593,298.62320529624543,2.2531092809091646,49.596692501173116,0
2023-09-09,298.1025039246741,298.4022702347918,296.46412620582055,298.26659611658147,12343.871280375119,0.6091818748086995,76.62008564146008,297.3855849793782,298.53691671706815,2.220887053665872,47.4595678173238,0
2023-09-10,302.3468163186994,304.03739338844105,300.57840339200254,303.4354662545474,5008.072804058543,1.7329698347935745,-59.428669577747314,298.2069696430634,298.5966973032942,2.8515025336730084,56.23482010006292,0
2023-09-11,304.41174683980165,306.5496048646973,303.9555872959038,305.13326068740673,11508.95949909733,0.5595240575586082,129.8081507475384,299.5587272419026,298.7365764193945,3.5564780000998986,57.96507066521011,0
2023-09-12,301.3730069078936,301.8435341472499,300.94891722807716,301.70883294431235,13830.401391923451,-1.1222728506816348,20.17073648584998,300.5360420944858,298.87809105056687,3.657627483708721,52.12567403740964,0
2023-09-13,300.40453876216117,300.38316799934574,299.1825767844592,299.2188270789932,16134.666119421538,-0.825300950263782,16.660866609726234,300.9543958277183,298.8176262766077,3.6191428511412704,54.56410177850172,0
2023-09-14,302.93836106053436,304.3373297101442,302.116304120921,303.64556359623833,9499.229617600236,1.479431144242976,-41.12534125409715,301.1241654973724,298.9278952361497,3.596685968014764,59.1565944085008,0
2023-09-15,301.5230221292968,305.58788990954434,299.84329952356336,304.3460588740094,8981.631249115171,0.23069504769794635,-5.4488457414068145,302.2506579360127,299.0855318265203,3.285904032860025,58.925080501080274,0
2023-09-16,302.4106609855893,304.5202751224468,300.6106147387933,304.4287910548218,5610.087066217195,0.027183588681412338,-37.538216493024315,303.1309714986184,299.30087895622495,2.9544661813037063,56.30886551867961,0
2023-09-17,303.95992909244796,308.0927826447118,303.25308633384253,306.3497090324071,5865.5982298007,0.630990902972572,4.554495510811978,303.54729189545554,299.4997562766383,3.2737227391154433,61.36336682037528,0
2023-09-18,302.1060681492918,303.2862225729998,301.6323270313428,301.339244634645,8867.605540492366,-1.6355375082899244,51.179900038834866,303.0052896022039,299.65768704306305,2.601409142586672,56.89272980292291,0
2023-09-19,301.9870174371682,302.4403659173517,300.4259664066805,300.50261020678033,11836.82753408089,-0.27763872205860457,33.48392054687246,302.83297206827075,299.7612923494088,2.2407668392773754,56.846683387759306,0
2023-09-20,295.5044827570301,296.81510604036646,294.9548706859338,295.3158023768806,14567.923131166248,-1.726044185217103,23.072868040206878,302.275397110826,299.7244103777887,3.2935908940848195,48.91512532063143,0
2023-09-21,293.4557074743615,293.79946732305575,291.81047883733413,293.5392948427945,5984.105246598276,-0.6015619617330564,-58.92272911712424,300.83164443176264,299.6450279887541,4.090167868367287,38.997046679397776,0
2023-09-22,292.9505711715751,296.1083848411396,292.1030946642776,294.5918584492815,17463.44284479761,0.35857673060457373,191.8304763226696,299.4381872282301,299.41672175965806,4.5536776760151305,47.37394060344731,0
2023-09-23,290.4550048076454,287.9654816959908,289.1199050090625,287.9163078630732,8644.381994787156,-2.2660336308505333,-50.50012719936073,297.07926105798026,298.9046515033539,6.024615278332285,37.20623221623999,0
2023-09-24,293.71982741550875,296.0583999977577,293.5287567878394,296.0141528946997,9893.163528257819,2.8125690731897173,14.446163233227303,295.60275303830787,298.8814766175888,5.880181942601793,41.44605608838023,0
2023-09-25,290.85954465958747,291.2697532500181,289.6118260102343,290.622532811719,6263.941604260883,-1.8214061828653987,-36.68413964482441,294.0717942064612,298.57656221252563,5.948225063916955,34.587095993634236,0
2023-09-26,289.9794556861935,290.3164204620817,289.075920328719,289.33913408127233,2121.2013013647083,-0.44160331204535963,-66.13631742796234,292.47701190281725,298.24868535049717,5.783469003690571,36.23517563503313,0
2023-09-27,290.2409368407657,290.2635951134911,289.06771991441474,288.7227802778755,14420.226981805248,-0.21302123729441133,579.8141681568726,291.5351516029594,297.8905446204815,4.71464643244959,37.81191216197618,0
2023-09-28,293.1234834188979,292.0077891643122,292.7874550034081,290.6411984110992,13684.219485462167,0.6644498682706579,-5.103993836378169,291.1211378270029,297.57601783200204,3.9656583094534015,33.9651468590875,0
2023-09-29,290.251759116539,292.3783204052354,288.77801162665065,291.4865149924819,8593.362214408933,0.2908454087045935,-37.20239416257285,290.6775173331744,297.4298466095828,2.8746344122099643,34.20014434658265,0
2023-09-30,292.5780866208489,293.23531690419486,290.85249246576245,292.6880635716315,10334.95358612436,0.4122141222144088,20.266705024899466,291.3591967201113,297.3136044630803,2.629081551382746,35.960752044808004,0
2023-10-01,292.5985527428881,292.657860393592,292.16507314270655,290.66361139327654,12579.696088520497,-0.6916756883252669,21.719908886769584,290.59483364847944,297.09886684163433,2.543960798747655,31.289312863349537,0
2023-10-02,290.63553544079224,289.54527988716876,290.4441063297519,288.69291728269684,2187.270715567287,-0.6779982197060409,-82.61269032116552,290.31917428719055,296.7347209489531,2.3654023742481347,33.735761498679295,0
2023-10-03,291.5597423893187,291.9588393890429,291.51246521722607,291.05606534038355,7354.736613268526,0.8185680757012299,236.2517753711622,290.5644501813493,296.5137306733408,2.157205187568508,38.30995409203265,0
2023-10-04,291.9578617804657,294.7886417107831,290.67391877957914,294.4613940683998,13971.323398109136,1.1699906421925184,89.96361301237852,291.38425215142416,296.47341189243633,1.778187040917855,48.893905272618,0
2023-10-05,290.7574280261481,291.9576600966025,289.54323995397056,290.3680409991027,3728.5528841537525,-1.3901153603675032,-73.31281527232866,291.3452296639961,296.3234256265321,1.7834176468994238,46.12691071816932,0
2023-10-06,290.8970321961281,290.02968221801393,289.80363737069996,288.64231776645096,11467.789660833147,-0.5943227177184592,207.56676965937478,290.9389157745631,296.06849118720163,1.8593547043229262,42.851300919262854,0
2023-10-07,290.1264050024046,290.19932963185323,289.66251081017265,289.7577904062757,3217.090976882975,0.38645498984917415,-71.94672145173222,290.52030532236944,295.6451783371222,1.760634157679082,52.55387796809991,0
2023-10-08,290.3534396929071,290.1091164295173,289.5716277010961,289.9443543382856,12332.149912167632,0.0643861660279498,283.3323334895613,290.4175543145136,295.42796975494747,1.7832761699849529,39.21553243203823,0
2023-10-09,291.6777010419492,288.99336968168626,290.48874837157683,287.63237107753685,9821.792588512582,-0.7973886113510332,-20.356201810182192,290.26604771377646,295.0734955869793,2.014216658079612,44.03441273407404,0
2023-10-10,294.8497346742399,296.0773148030255,293.8562009565216,294.7682923744632,1924.340920472453,2.480917314763137,-80.40743679801248,290.7963658615021,294.7845897909765,2.3562293282679128,58.78098845275987,0
2023-10-11,292.37410367658623,292.57422093526964,290.39853263615646,292.02770188127323,15823.696772285857,-0.929743993532532,722.2917573462458,290.44869554905546,294.347737830772,2.399492217779906,55.00161958568118,0
2023-10-12,296.64017042589876,299.5862070976197,296.3672909207853,297.68447997311887,6327.042116009754,1.9370690024967072,-60.01539837965586,291.49390111677207,294.21359273173226,3.124387520042901,59.57569356468754,0
2023-10-13,292.73599482685376,295.8115447528336,291.34570571875855,295.50942896927177,5948.737814928095,-0.7306565004811506,-5.979165210934972,292.4749170028893,294.0899461280749,3.342576711209786,55.27849908029354,0
2023-10-14,292.43242463678257,294.9869417831894,291.62378710057396,294.1222721811042,11002.845986154714,-0.46941202282644817,84.96101742025944,293.09841439929335,293.77250308090373,3.317352518341989,51.87271556234178,0
2023-10-15,293.60905904975175,295.0929578542547,292.75265981990054,293.2057260139195,15743.186747143576,-0.31162079647622243,43.08286026137062,293.5643246386697,293.4011586522341,3.2790462066115196,53.41826238140508,0
2023-10-16,294.1710427852218,293.35070855596155,292.73584725390543,292.5112539221093,4920.890905108015,-0.23685488726684795,-68.74272671636284,294.26130790217996,293.003907414477,3.013126030125214,55.31681963780071,0
2023-10-17,292.9256437455806,298.06273534578355,291.5407714429319,296.7856834504554,10308.399249239857,1.461287205546051,109.48237723659886,294.5495066273217,292.68510656174533,3.065532172597751,57.57497819372224,0
2023-10-18,292.5093992448661,293.3934156918134,290.5268872574617,292.5982268958878,12144.082501652865,-1.4109361697922393,17.80764605666948,294.63101020083815,292.3937393037867,2.837697802056354,47.586664686883644,0
2023-10-19,291.52339737554837,292.0927217181151,291.2666087966401,291.5442913134178,13465.52803631572,-0.36019889582073833,10.88139457618968,293.7538403923094,292.095128674008,2.0788440799647514,51.65379850161493,0
2023-10-20,290.34466786165996,292.2764355269146,290.13644856289164,290.308480230995,10882.207776386125,-0.4238845071722807,-19.18469333666333,293.0108477154127,291.92821793581174,2.371542417519846,52.37533425386751,0
2023-10-21,292.043872055702,293.1596672094839,290.59519442144455,292.34099919685383,8164.860804583388,0.700123869699433,-24.970548510379036,292.7563801462341,291.8882747476137,2.349998181343049,53.588865167114456,0
2023-10-22,292.7579030276321,294.32956081710444,291.6011291936193,292.54136240974617,5862.0488967564015,0.06853750019422444,-28.20393345265961,292.6614710599236,291.8199248796292,1.889247961360334,53.60665368569494,0
2023-10-23,291.37208383711084,290.9715000385727,290.82376250399125,290.5115908267905,10430.719415231873,-0.6938408867162821,77.93641095357317,292.3758049034495,291.9064343117531,1.8555477947873804,54.0301722699113,0
2023-10-24,293.1712835879773,292.7772045841669,293.0124448499993,292.3509951761167,4639.304940071966,0.6331603995872661,-55.522675326715856,291.74227800711543,291.78432905446704,1.7821624493997765,46.02735584578822,0
2023-10-25,293.7858826297305,293.79902089017554,293.61456613053764,293.73675272440653,4606.752417473037,0.47400473101006585,-0.7016680951009793,291.90492455404666,291.8881363848899,1.8141494918880217,52.93959929275345,0
2023-10-26,295.41160686740847,295.8998033614596,293.62322511808026,294.5964697107078,12182.79902078834,0.2926828115063655,164.45525864554767,292.34095003937375,292.0633809058711,1.9288661993550265,43.638842160486064,0
2023-10-27,296.67086455125565,296.33864856468745,296.28712990181816,295.6015958772399,14519.674205430976,0.3411874444792594,19.181759303876454,293.0971094174088,292.29267475918334,1.6715105885040997,50.199474172034314,0
2023-10-28,295.01287452941153,296.9012363706286,294.3661314051805,295.1725198709494,1814.6621777091914,-0.14515348099430417,-87.50204617517912,293.501612370851,292.4437188078449,1.8569198086537781,52.37136332913712,0
2023-10-29,293.8925124490176,294.4564664362694,293.43919964456364,293.5100466228863,4951.346476450312,-0.5632208746227141,172.85224419571225,293.63999582987105,292.5111698621918,1.8042267980296558,50.66473667313949,0
2023-10-30,295.3870996592641,299.57947599796756,294.6771070476002,297.64308914213814,13095.771305025988,1.4081434577134364,164.4890913474212,294.6587813034921,292.6763373812087,2.034355718165147,59.74563781344644,0
2023-10-31,296.607840190131,293.0024365089477,296.46899250463883,292.63138547754147,20287.477348558496,-1.6837964150423628,54.91624644340287,294.69883706083846,292.74192985068413,2.0131693631462637,42.32565986223508,0
2023-11-01,296.56603700220273,299.9405436159976,295.5279174203862,298.2032972800864,10103.96853837704,1.9040718388604192,-50.19603292818974,295.3369148545071,293.0589425172638,2.3743957529547135,59.85052666491883,0
2023-11-02,296.8006917688203,300.2230132631502,296.6654666416359,298.6698195575667,6359.985293854328,0.15644437259260574,-37.054581378616334,295.91882197548694,293.31273432450325,2.291644465533294,62.786629666214715,0
2023-11-03,299.35602156039715,297.787779901073,297.75530854475244,296.2459362117849,9085.5177944758,-0.8115595172530028,42.85438369260321,296.0108705947076,293.37221906261607,2.071887661297205,60.2189261230537,0
2023-11-04,298.1728787827255,299.34841384783874,297.70545461890464,297.658847391605,16874.382095740926,0.4769385861921114,85.72834787689186,296.3660602405156,293.6152459423662,2.05087476976001,59.351982028385365,0
2023-11-05,299.26707354506556,300.23196022795787,298.1870497158565,298.7099122460719,6770.179104377324,0.35311057060034795,-59.87895102786545,297.10889818668494,293.95083242502017,2.149717973862693,60.53287486225733,0
2023-11-06,298.86268824019777,298.00386134138387,297.10253006507486,296.751420698121,6004.039966748733,-0.6556500027817961,-11.316379165408437,296.9815169803968,294.18395343474833,2.132675475593546,60.6805854100085,0
2023-11-07,298.42732583374334,297.5230905577218,297.1255710956489,297.26060080235703,7586.282389089838,0.171584723347959,26.352962856739786,297.6428334553704,294.4278283168841,2.08787708876375,58.8046161521597,0
2023-11-08,300.62487953771773,299.0240681285015,299.5589639646151,298.959015769519,5233.3569587064385,0.5713555589195657,-31.01552657421827,297.7507932395751,294.80538313995015,1.8523681860322223,59.261460242244866,0
2023-11-09,302.2757122356938,306.7458135964606,301.627044729463,304.90411790082925,10613.351579973978,1.9886010515547046,102.80198090285336,298.64140728861264,295.14324399082903,3.0496142502846446,65.4867603922165,0
2023-11-10,303.9027315076951,306.5395497264578,303.23672768157866,305.3062490974163,18123.392292347802,0.131887755191894,70.76031219529465,299.9357377008456,295.5858622313671,3.200862297445703,64.84985967192208,0
2023-11-11,306.5136891220037,310.0140963464473,305.17471521160735,308.4210217644949,11615.396365580145,1.0202125492966154,-35.90936962455706,301.47319118268706,295.94374695774627,4.274416618236841,68.73289080606625,0
2023-11-12,306.55569680526924,308.60124960435917,304.5674180828269,307.63820490133406,8738.232489368562,-0.25381436669988283,-24.77025996923765,302.74866156201017,296.34803948881506,4.804940706246383,70.48631042969099,0
2023-11-13,307.9196027478592,306.46064146895816,306.5959243681604,306.22602509103336,8540.94365542228,-0.459039153070606,-2.2577659061636943,304.10217647528344,296.75149791914606,4.700281667929529,63.51171656635068,0
2023-11-14,307.29906923467223,306.76266041965766,306.1835023999322,306.51228883525255,2184.045956516715,0.09348119387765455,-74.42851698090577,305.4238461942685,297.1950500131905,4.585734920206231,75.67148405673858,0
2023-11-15,307.9474019396491,310.05259435594894,306.4861009191706,308.681463781491,14415.548885735796,0.7076959147319433,560.0387158852109,306.8127673388359,297.73405700850327,4.6166110918407846,72.16859172840688,0
2023-11-16,307.6871158309138,306.71453590737485,306.7567046063464,305.8539241175759,9610.81401493599,-0.9160056549157285,-33.33022494588532,306.9484539412283,298.0363316974072,3.847440466128315,63.81881343643447,0
2023-11-17,307.8811077608992,309.3516548595585,307.76082307569766,308.9506054061578,9097.600432046871,1.0124706745274576,-5.339959571494599,307.4690762710485,298.5814109810829,2.902544046054661,73.82120266180871,0
2023-11-18,309.071421811773,309.6941228080187,307.9468281800172,308.7109337145358,25965.537839224304,-0.07757605501595045,185.4108402888201,307.51049226391154,299.1536323944535,1.536692875549007,71.67629517151683,0
2023-11-19,307.4349804453061,307.001167108132,305.51972987629534,306.8727492339817,11493.764541828432,-0.5954387356600299,-55.734540863368466,307.40114145428976,299.70577469455304,1.3339319473795497,65.53015418774314,0
2023-11-20,311.619754996677,313.850137752811,311.26914911196167,312.68619494898223,6241.044749524079,1.8944157568608104,-45.700603776843586,308.32402286256814,300.3839478862907,1.981806958817316,76.43849100013534,0
2023-11-21,309.6077202336776,310.8121020097768,308.22771045203626,310.27411520090664,7868.212018972284,-0.7714058973627385,26.072033365443943,308.86142662909015,300.97503964599605,2.1027460811897387,70.30920780796622,0
2023-11-22,307.17934300810214,308.2330119606479,306.777475630784,306.6378937593735,15742.228545983773,-1.1719383807374997,100.07377162721608,308.56948805450196,301.5125830770821,2.1576658173975507,61.300356148805136,0
2023-11-23,309.4955647551023,311.8552833779958,308.42390938615614,311.23455946014866,10566.352052688822,1.4990533767435321,-32.87893120199581,309.338150246298,302.14203521988316,2.243458342278553,59.70098495909371,0
2023-11-24,311.07889014302816,310.36773544979195,310.88553724373475,309.45729515162833,2808.610108413167,-0.5710369412712651,-73.41930219239232,309.410534495651,302.6660533007906,2.1229639465505246,56.1039477174346,0
2023-11-25,312.3271297771325,313.2742742673651,311.4263879046161,313.2510331875489,14596.144672876017,1.2259326554449808,419.6928056747141,310.05912013465286,303.287872083352,2.5172659755648046,56.96329728448673,0
2023-11-26,313.58382079566104,314.61836645820273,312.07149413787056,314.4734726826136,6659.27957230503,0.3902427655626582,-54.37644856535332,311.1449377701717,303.9169346435311,2.643384494791926,59.73087430308991,0
2023-11-27,313.55932724996717,313.8799947038096,312.8641842014892,313.0950075909962,19366.488881087727,-0.4383406587075214,190.81957996823144,311.2033395761737,304.51435090086596,2.739320194171411,59.7882676875394,0
2023-11-28,311.76481850699554,313.213895709793,310.4349950580211,312.25401804035874,15400.240328573243,-0.26860522533021836,-20.47995677929885,311.4861828389526,305.13914994811506,2.6864988283588116,58.05459683388715,0
2023-11-29,311.91642762338296,311.23979835504366,310.3255277018035,310.039757258805,7763.390521706244,-0.709121629707108,-49.58915993471717,311.9721633388713,305.5523722186706,2.301947464938744,51.903030308451406,0
2023-11-30,310.56210420035876,312.5314698865877,308.70774856139985,311.9481447291691,16405.081808675564,0.6155299201744114,111.31336576212894,312.07410409158854,306.19626419372486,2.265545816811394,58.76399833625331,0
2023-12-01,312.5123436671943,313.6249542347829,312.0430595034834,312.23499046252977,10339.277552637017,0.09195301789972678,-36.97515396010244,312.47091770743157,306.6639872998063,2.254940431336663,55.138490058726376,0
2023-12-02,312.21822890418997,313.1543891677898,311.4195970725714,311.4341443734114,14263.868375611099,-0.25648825838898365,37.95807591965767,312.21136216255485,307.0894647936678,1.4976002751789874,54.1869996766381,0
2023-12-03,310.567234510605,313.700450327147,310.26240248394413,312.1407483493603,12423.664086472374,0.22688712484321308,-12.901158652621723,311.87811582923297,307.61929186492034,1.4772997547644915,58.391672980817184,0
2023-12-04,309.92446282729895,308.94718494218154,307.9394958229822,308.8679472914848,5768.216725045632,-1.0485017016145661,-53.570728531477194,311.2742500721599,307.99292852824965,1.5982677274386756,43.38203778643173,0
2023-12-05,310.7503257358502,309.5986476858205,308.8963238000016,308.63763379130484,6782.25083841269,-0.07456697990181459,17.579681237775198,310.75762375086646,308.32385257975744,1.836713210273476,46.931502490461135,0
2023-12-06,309.6228766302423,307.4977932267928,308.54296236968116,307.2879328699564,15149.804087905806,-0.43730924993452286,123.3742816190421,310.36450598103096,308.67506965215193,1.9516173122353655,51.33317718649926,0
2023-12-07,307.9784358391094,309.3715407978529,306.29436925035657,308.88745076612787,8326.123339467296,0.5205274028278752,-45.04137947160585,309.9272639863108,309.0626313176109,1.8514110262080083,44.51152931372988,0
2023-12-08,308.4658102620932,308.51849141988305,307.4238943075491,306.54516623334877,7981.757683790016,-0.7582970842517488,-4.135966303128447,309.1144319535706,309.3155029997386,2.0738490520581427,43.365600858194725,0
2023-12-09,308.9557434043107,311.8729257630903,307.7085720283052,311.58793467728725,5224.387103253235,1.6450327714839323,-34.545906926448886,309.1364019969815,309.5382968922872,2.1499298508091433,46.41515258787746,0
2023-12-10,307.9418570535684,305.81673924864555,307.76360818933637,304.8189629417428,12117.995327967306,-2.1724113748355096,131.95056354881146,308.09043265303615,309.5220540204314,2.5594056277328328,33.20531705671053,0
2023-12-11,306.99978044233177,310.7807764634031,305.48923960133817,309.5444649947668,20312.624596215726,1.550265117176172,67.62363779210172,308.1870780392192,309.55950212810717,2.3422909932451343,44.46780084535175,0
2023-12-12,307.463880317047,309.18533645893916,307.20845334977656,307.78040651785096,4662.335428728636,-0.5698885544426346,-77.04710483549607,308.06461700015444,309.564242181991,2.196547041625654,43.22444168583496,0
2023-12-13,304.5677116340524,305.5419393332206,302.9155763735473,304.4226419662468,10121.09728336379,-1.0909611139945792,117.08213486741117,307.6552897281959,309.50412941116485,2.173889259922773,41.7773523967694,0
2023-12-14,301.7527840852993,300.9549471499243,300.1887279099585,300.9354054550859,17061.102777077147,-1.1455246852326806,68.56969456385679,306.5192832551899,309.3182332984926,3.0336173608111374,34.591195090786485,0
2023-12-15,300.31589564279443,301.56752243081047,298.89840624730846,300.9145998143225,9601.793043771424,-0.0069136566805543835,-43.72114646262994,305.7149166239004,309.0593378329203,3.5261439184915995,34.041931444850434,0
2023-12-16,299.88900133937074,300.8679725725029,299.8166805783212,299.8325492857335,12261.85898124867,-0.35958724809521003,27.703845785374444,304.03557585367844,308.8586253385256,4.038519460721321,33.774165275733296,0
2023-12-17,300.51081647056674,302.34150229188117,299.9045597586761,302.1657692935915,4688.032359265601,0.7781743554581568,-61.767360345321784,303.65654818965686,308.6324641347734,3.97594623516854,36.65625898115109,0
2023-12-18,303.4615289044658,304.3341242398772,302.9353037646441,303.63287037745886,12141.535486038243,0.4855285518598541,158.99001021273372,302.8120346728986,308.46319535687076,3.944911010266588,42.64143070421803,0
2023-12-19,305.1768481508699,305.4687070106454,304.45657533592686,305.4023007930627,9064.278674977257,0.5827532484886047,-25.3448735096115,302.4723052836431,308.41418040884014,3.119764099930536,45.64093639196242,0
2023-12-20,304.85697109094303,304.46870976693225,304.68168559741537,304.31155277262224,14928.649978399315,-0.3571512125507977,64.69760599496101,302.4564353988396,308.13502566962813,3.1080746569433564,45.96165239375676,0
2023-12-21,304.81893867513764,305.52736679195925,302.9450230290755,304.73352023955607,15936.930257823755,0.1386629797946333,6.7539950423069,302.9990232251925,307.9503391709165,2.4359834362778163,44.17791519292436,0
2023-12-22,302.813879945862,303.54101410728623,301.7062754644373,303.2755825992001,22947.81821009307,-0.4784303476722403,43.991457820602136,303.336306480175,307.83826213224404,1.8951075646989899,45.30091298654635,0
2023-12-23,302.77685367387727,301.34668278141544,302.1658050525612,300.2116010848923,12898.165866067879,-1.0102961432134316,-43.79349815314941,303.39045673719767,307.47083018640217,1.9996262879977205,32.66372347487335,0
2023-12-24,302.199536396037,301.55618820115296,301.4055733618884,300.1772582628784,11628.981582910832,-0.011439538608703002,-9.840036919481552,303.1063837328101,307.1614956234438,2.080044929934243,41.09971130644052,0
2023-12-25,302.84497351671314,305.5610430559654,301.9505684357035,303.9598696577472,10971.92150788668,1.260125905859334,-5.650194476098605,303.15309791570843,306.8517901724504,2.0504248433970313,38.89002817563372,0
2023-12-26,301.1905116296085,301.84711027529005,299.9893229628873,301.44680978680043,8234.16853594656,-0.8267735717140706,-24.952356521801658,302.58802777195666,306.4175680759233,1.8468857359671438,37.764597546099715,0
2023-12-27,302.22920465809085,302.28819481808,301.1978458026978,301.95322965356183,11692.419217308456,0.167996426009475,41.99878428847769,302.25112446923373,306.0461754780089,1.8578699000738015,44.63891784100296,0
2023-12-28,305.294682484096,305.53146906436285,303.4558985376671,305.32233338369406,8522.992949304853,1.115770059488245,-27.106676634651073,302.33524063268203,305.8151193227867,2.002080990799004,59.57310271374528,0
2023-12-29,305.0771621871823,306.8713952443121,304.0832352213706,305.5985347452248,10842.304881348071,0.09046222019522372,27.21241171779198,302.66709093925704,305.667078572334,2.028170312587732,60.1085536182456,0
2023-12-30,305.88058563138014,306.4838975638899,303.89626960173354,305.0709461109161,16587.987678039797,-0.17264108767685885,52.99318603903104,303.3612830858319,305.4378386183923,2.0918319559831797,61.58234526309755,0
2023-12-31,307.2608736148024,306.1565888163502,305.5580236993122,306.09341652669895,4967.287173601794,0.3351582406707093,-70.05491401360398,304.2064485520919,305.2331194871979,2.2431419387026024,59.21854627659786,0
